"Rk","Player","Age","Team","Pos","G","GS","MP","FG","FGA","FG.","X3P","X3PA","X3P.","X2P","X2PA","X2P.","eFG.","FT","FTA","FT.","ORB","DRB","TRB","AST","STL","BLK","TOV","PF","PTS","Awards"
1,"Shai Gilgeous-Alexander",27,"OKC","PG",5,5,193,11.8,22.8,0.516,1.3,5.6,0.233,10.4,17.2,0.609,0.545,7.6,9,0.854,0.2,5.6,5.8,5,1.3,1.3,2.2,1.9,32.5,NA
2,"Austin Reaves",27,"LAL","SG",5,5,191,9.8,18.7,0.525,2.8,7.4,0.385,7,11.3,0.617,0.601,9.8,10.9,0.897,0.4,4.9,5.3,9.4,1.7,0,3.6,1.9,32.2,NA
3,"Zach LaVine",30,"SAC","SG",5,5,183,10.4,19.3,0.541,3.1,8.3,0.381,7.3,11,0.661,0.622,4.7,4.9,0.96,0.2,2.8,3,1.6,0.4,0.2,2.2,1.8,28.7,NA
4,"DeMar DeRozan",36,"SAC","SF",5,5,182,7.1,14.2,0.5,0.6,2,0.3,6.5,12.3,0.532,0.521,4,5.3,0.741,0.6,3.8,4.4,5.1,1.4,0.2,1,1.4,18.8,NA
5,"Luguentz Dort",26,"OKC","SF",5,5,182,2.4,8.5,0.279,1,5.5,0.179,1.4,3,0.467,0.337,1.6,1.6,1,1.6,3.6,5.1,2,1,0,1,3,7.3,NA
6,"Devin Booker",29,"PHO","SG",5,5,181,9.1,19.3,0.474,2.6,7,0.371,6.6,12.3,0.532,0.541,8.2,9.9,0.82,1.6,2.4,4,6,0.4,0.4,4.6,2.8,29,NA
7,"Rui Hachimura",27,"LAL","PF",5,5,181,6.6,10.9,0.6,1.6,4,0.4,5,7,0.714,0.673,1.8,2.4,0.75,0.8,3.2,4,2,0.4,0.2,1.8,2.4,16.5,NA
8,"Paolo Banchero",23,"ORL","PF",5,5,180,7,17.4,0.402,0.6,3.8,0.158,6.4,13.6,0.471,0.42,8.4,11.2,0.75,1.2,7.8,9,3,0.6,1.4,2.8,2.4,23,NA
9,"Grayson Allen",30,"PHO","SG",5,5,176,5.5,13.3,0.415,3.5,9.2,0.378,2,4.1,0.5,0.546,2.7,3.1,0.867,0.6,2.5,3.1,5.3,0.8,0.2,2.5,3.1,17.2,NA
10,"Cade Cunningham",24,"DET","PG",5,5,176,7.8,19.6,0.396,1.6,6.8,0.242,6.1,12.9,0.476,0.438,5.5,6.8,0.818,1.2,4.5,5.7,8.4,0.8,1.2,4.5,3.7,22.7,NA
11,"Julius Randle",31,"MIN","PF",5,5,176,9.2,16.8,0.549,2.7,5.7,0.464,6.5,11,0.593,0.628,6.1,7.6,0.811,1,5.5,6.5,5.5,1.2,0.4,2.3,2.3,27.2,NA
12,"Franz Wagner",24,"ORL","SF",5,5,175,8.2,15.4,0.533,1.6,3.9,0.421,6.6,11.5,0.571,0.587,4.9,7,0.706,1,4.7,5.8,3.1,1,0.4,2.1,3.5,23,NA
13,"Deandre Ayton",27,"LAL","C",5,5,172,8,12.8,0.623,0,0,NA,8,12.8,0.623,0.623,0.8,2.1,0.4,3.3,6.5,9.8,1.5,0.8,1,2.9,3.6,16.7,NA
14,"Tyrese Maxey",25,"PHI","PG",4,4,172,9.6,21.1,0.455,3.8,8,0.474,5.9,13.2,0.444,0.545,8.4,9.6,0.87,0.2,2.9,3.1,6.9,0.8,0.6,1.7,2.5,31.4,NA
15,"Derrick White",31,"BOS","SG",5,5,171,5.9,18.9,0.311,2.9,11.8,0.25,2.9,7.2,0.412,0.389,3.2,3.4,0.938,0.6,3.4,4,4.6,1.5,1.1,1.1,2.1,17.9,NA
16,"Evan Mobley",24,"CLE","PF",5,5,169,6.4,15.3,0.417,1.9,6.4,0.3,4.5,8.9,0.5,0.479,4.9,6.8,0.719,2.1,7.7,9.8,4.9,1.7,2.1,2.8,2.8,19.6,NA
17,"Payton Pritchard",28,"BOS","PG",5,5,169,5.8,14.5,0.397,1.5,7.9,0.189,4.3,6.6,0.645,0.449,2.6,3.4,0.75,1.5,4,5.5,6.4,1.3,0,1.3,2.3,15.6,NA
18,"Jaden McDaniels",25,"MIN","PF",5,5,168,7.5,15.4,0.486,1.7,4.5,0.381,5.8,10.9,0.529,0.542,3.4,4.1,0.842,1.5,3.2,4.7,1.1,0.6,2.1,1.5,3.2,20.1,NA
19,"P.J. Washington",27,"DAL","PF",5,5,167,6,12.3,0.491,1.5,3.9,0.389,4.5,8.4,0.538,0.553,2.8,4.7,0.591,1.5,7.3,8.8,2.6,0.9,1.1,3.4,3,16.4,NA
20,"Donovan Mitchell",29,"CLE","SG",5,5,166,10.6,19.5,0.544,3.5,8.7,0.4,7.2,10.8,0.66,0.633,5.6,7.6,0.743,0,2.6,2.6,4.8,1.3,0.4,4.1,2,30.4,NA
21,"Royce O'Neale",32,"PHO","SF",5,2,166,4.8,11.7,0.407,4.1,10,0.413,0.7,1.7,0.375,0.583,0.4,0.9,0.5,2,4.3,6.3,3.7,1.7,0.2,2.2,3.5,14.1,NA
22,"Scottie Barnes",24,"TOR","PF",5,5,164,9.2,17.1,0.538,2.4,4.4,0.55,6.8,12.7,0.534,0.609,3.5,4.4,0.8,1.3,5.3,6.6,4.8,1.5,0.9,2.4,4.2,24.4,NA
23,"Jaylen Brown",29,"BOS","SF",5,5,163,10.4,19.9,0.522,3.3,7.1,0.469,7.1,12.8,0.552,0.606,5.5,7.3,0.758,0.4,5.7,6.2,4.2,0.4,0.4,4,4.6,29.6,NA
24,"Jimmy Butler",36,"GSW","SF",5,5,163,6.8,12.6,0.544,1.8,3.1,0.571,5.1,9.5,0.535,0.614,8.2,9.3,0.881,1.8,3.3,5.1,5.3,1.1,0,1.8,1.3,23.6,NA
25,"Isaiah Hartenstein",27,"OKC","C",5,5,163,4.6,8,0.583,0,0.4,0,4.6,7.5,0.618,0.583,0.7,1.5,0.429,3.3,9.5,12.8,2.7,1.3,0.4,1.8,3.8,9.9,NA
26,"Deni Avdija",25,"POR","SF",5,5,162,8.4,17.6,0.481,2.7,7.1,0.375,5.8,10.4,0.553,0.557,5.6,6.9,0.806,1.3,5.8,7.1,4.7,0.7,1.1,4.2,2.9,25.1,NA
27,"Desmond Bane",27,"ORL","SG",5,5,162,7.3,16.9,0.434,1.6,5.8,0.269,5.8,11.1,0.52,0.48,3.3,3.6,0.938,1.8,3.6,5.3,3.1,0.2,0.4,2.7,4,19.6,NA
28,"Toumani Camara",25,"POR","PF",5,5,162,4.4,11.3,0.392,1.8,5.8,0.308,2.7,5.6,0.48,0.471,1.6,1.8,0.875,2.7,3.1,5.8,4.2,1.3,0.2,1.1,3.1,12.2,NA
29,"Brandon Ingram",28,"TOR","SF",5,5,162,9.6,17.6,0.544,2.2,4.9,0.455,7.3,12.7,0.579,0.608,3.1,3.6,0.875,0.7,5.1,5.8,4,1.1,0.4,3.6,3.3,24.4,NA
30,"Cooper Flagg",19,"DAL","SF",5,5,161,5.6,13.6,0.41,0.9,3.4,0.267,4.7,10.3,0.457,0.443,2.9,2.9,1,0.7,6.3,6.9,3.1,0.9,0.7,2.2,2.9,15,NA
31,"Jrue Holiday",35,"POR","PG",5,5,161,8.3,16.1,0.514,2.9,7.6,0.382,5.4,8.5,0.632,0.604,2.5,2.9,0.846,1.3,4.7,6,8.7,1.6,0.4,3.6,2.9,21.9,NA
32,"VJ Edgecombe",20,"PHI","SG",4,4,161,7.4,15.7,0.471,2.7,6.3,0.429,4.7,9.4,0.5,0.557,2.5,3.1,0.786,1.1,4,5.1,4.9,1.3,0.4,1.8,3.1,19.9,NA
33,"Michael Porter Jr.",27,"BRK","SF",5,5,160,9.7,19.1,0.506,3.6,8.8,0.41,6.1,10.4,0.587,0.6,1.4,2,0.667,0.9,6.1,7,3.6,0.7,0.2,2,2.5,24.3,NA
34,"Rudy Gobert",33,"MIN","C",5,5,159,3.8,5.7,0.68,0,0,NA,3.8,5.7,0.68,0.68,2,3.8,0.529,3.6,5.9,9.5,1.4,0.2,1.6,1.4,4.1,9.7,NA
35,"Immanuel Quickley",26,"TOR","PG",5,5,159,5.7,13.6,0.417,1.8,6.6,0.276,3.8,7,0.548,0.483,4.1,5.7,0.72,1.1,3.8,5,7.9,1.8,0,2,2.7,17.2,NA
36,"Tobias Harris",33,"DET","PF",5,5,158,5.7,13.4,0.424,1.6,5.2,0.304,4.1,8.2,0.5,0.483,3,3,1,1.1,5.7,6.8,3.6,1.1,0.2,1.6,3.4,15.9,NA
37,"Dennis Schröder",32,"SAC","PG",5,5,158,6.2,14.8,0.415,1.6,5.5,0.292,4.6,9.3,0.488,0.469,0.2,0.2,1,0.5,3,3.4,7.3,1.8,0.5,3,2.7,14.1,NA
38,"RJ Barrett",25,"TOR","SF",5,5,156,8.8,15.2,0.576,1.8,5.1,0.364,6.9,10.2,0.682,0.636,2.8,3.5,0.8,0.5,4.6,5.1,3.7,1.6,0.5,2.5,3.5,22.2,NA
39,"Duncan Robinson",31,"DET","SF",5,5,156,3.5,8.8,0.395,2.8,7.2,0.387,0.7,1.6,0.429,0.553,1.8,2.3,0.8,0.7,2.1,2.8,1.4,0.2,0.9,0.5,3.2,11.5,NA
40,"Onyeka Okongwu",25,"ATL","C",5,2,155,7,12.8,0.545,1.4,3.9,0.353,5.6,8.8,0.632,0.6,2.3,3.7,0.625,2.1,8.6,10.7,2.8,0.7,1.2,0.5,4.2,17.7,NA
41,"Kelly Oubre Jr.",30,"PHI","SF",4,4,155,5.3,10.5,0.511,2.1,4.6,0.45,3.3,5.8,0.56,0.611,3.7,3.9,0.941,1.6,4.4,6,1.6,0.9,0.9,0.7,1.6,16.5,NA
42,"Lauri Markkanen",28,"UTA","PF",4,4,153,10.4,20.5,0.506,3.8,9.4,0.4,6.6,11.1,0.596,0.598,7.5,8.2,0.914,2.1,4.7,6.8,2.6,0.7,0.7,0.9,1.2,32,NA
43,"Stephen Curry",37,"GSW","PG",5,5,152,10.4,20.6,0.506,5.2,12.3,0.423,5.2,8.3,0.629,0.632,5.9,5.9,1,0.2,4.3,4.5,5.9,2.1,0.9,2.6,1.9,32,NA
44,"Alperen Şengün",23,"HOU","C",4,4,152,7.1,14.4,0.492,1.9,3.3,0.571,5.2,11.1,0.468,0.557,6.4,8.1,0.794,2.1,5.4,7.6,6.9,1.9,0.7,2.8,2.6,22.5,NA
45,"Jonathan Kuminga",23,"GSW","PF",5,5,151,6.9,12.9,0.537,1.7,3.8,0.438,5.2,9.1,0.579,0.602,3.8,5,0.762,2.6,6.2,8.8,4.1,1,0.2,2.9,3.3,19.3,NA
46,"Cam Thomas",24,"BRK","SG",5,5,151,8.1,20.7,0.391,2.6,8.1,0.324,5.5,12.6,0.434,0.454,9.1,10.5,0.864,0.2,1.7,1.9,3.8,0.5,0.2,2.9,2.4,27.9,NA
47,"Nickeil Alexander-Walker",27,"ATL","SG",5,2,150,7,17,0.408,2.6,8.4,0.314,4.3,8.6,0.5,0.486,2.9,3.4,0.857,1,2.4,3.4,3.8,1.7,1.2,1.2,1.4,19.4,NA
48,"Dyson Daniels",22,"ATL","SG",5,5,150,2.6,8.4,0.314,0.2,0.7,0.333,2.4,7.7,0.313,0.329,1,1.9,0.5,1,5.5,6.5,3.6,2.6,0.7,2.2,4.1,6.5,NA
49,"Donte DiVincenzo",29,"MIN","SG",5,5,150,4.6,10.6,0.432,3.1,7.4,0.419,1.4,3.1,0.462,0.58,2.9,3.4,0.857,0.5,2.6,3.1,4.6,1.7,0.5,2.6,3.1,15.1,NA
50,"Anthony Davis",32,"DAL","PF",5,5,149,9.4,18.1,0.52,0.7,2.7,0.273,8.7,15.5,0.563,0.54,5.6,7.5,0.742,4.1,8.2,12.3,2.7,1.9,1.4,2.7,3.1,25.1,NA
51,"Brandin Podziemski",22,"GSW","SG",5,3,148,5.4,11.9,0.449,2.7,6.3,0.423,2.7,5.6,0.478,0.561,1.5,2.4,0.6,1.2,4.6,5.8,3.2,1.5,0.2,1.2,2.2,14.8,NA
52,"Max Christie",22,"DAL","SG",5,2,147,4.7,8.8,0.528,3.4,6.6,0.519,1.2,2.2,0.556,0.722,1.7,1.7,1,0,1.7,1.7,2.2,0.2,0.5,1.5,2,14.4,NA
53,"Mikal Bridges",29,"NYK","SF",4,4,146,6.4,11.8,0.542,2.2,4.7,0.474,4.2,7.2,0.586,0.635,2.7,3,0.917,1.7,4.9,6.7,4.4,1.5,0.7,0.7,3,17.8,NA
54,"Kevin Durant",37,"HOU","PF",4,4,145,8.7,16.6,0.522,1.7,4.7,0.368,7,11.9,0.583,0.575,8.2,9.7,0.846,0.2,5.5,5.7,2,1,1,2.2,3.7,27.3,NA
55,"Aaron Wiggins",27,"OKC","SG",5,2,144,6.8,15,0.45,3.2,8.5,0.382,3.5,6.5,0.538,0.558,1,1,1,2,4,6,3,0.2,1,1.7,2.7,17.7,NA
56,"Trey Murphy III",25,"NOP","SF",4,4,143,4.5,13.1,0.346,1.3,5.8,0.217,3.3,7.3,0.448,0.394,2.5,2.8,0.909,1.5,5.8,7.3,3.3,1,0,0.8,2.3,12.8,NA
57,"Pascal Siakam",31,"IND","PF",4,4,143,9.3,21.1,0.44,2.5,6,0.417,6.8,15.1,0.45,0.5,5.3,9.6,0.553,2,9.1,11.1,5.3,1.5,0.3,2,3,26.4,NA
58,"Jabari Smith Jr.",22,"HOU","PF",4,4,143,5.5,13.1,0.423,2.5,6.8,0.37,3,6.3,0.48,0.519,2.3,2.5,0.9,1.3,3.8,5,1.8,1.5,0.5,0.5,2.3,15.9,NA
59,"Jake LaRavia",24,"LAL","PF",5,2,142,4.6,8.6,0.529,2.3,4.6,0.5,2.3,4.1,0.563,0.662,1.8,3.5,0.5,1.8,4.1,5.8,3.3,0.8,0.3,1.8,3.3,13.2,NA
60,"Wendell Carter Jr.",26,"ORL","C",5,5,141,3.1,7.7,0.4,1,2,0.5,2,5.6,0.364,0.467,4.3,6.4,0.68,4.6,5.9,10.5,1.8,1.3,0.8,2.6,5.6,11.5,NA
61,"Draymond Green",35,"GSW","PF",5,5,141,4.3,8.7,0.5,2.3,5.1,0.45,2,3.6,0.571,0.632,1,2.3,0.444,0.8,6.6,7.4,9.2,1.3,0.8,3.6,5.1,12,NA
62,"Anfernee Simons",26,"BOS","SG",5,0,141,6.9,14.8,0.466,3.8,9.2,0.417,3.1,5.6,0.545,0.595,1.3,1.5,0.833,0.8,2.3,3.1,2,1.3,0.3,1.8,2.8,18.9,NA
63,"Ja Morant",26,"MEM","PG",5,5,140,10.3,23.7,0.435,1.3,6.7,0.192,9,17,0.53,0.462,8.2,8.5,0.97,0.5,4.4,4.9,8.5,1.3,0,3.6,2.1,30.1,NA
64,"Shaedon Sharpe",22,"POR","SG",5,5,139,7.5,23.1,0.326,2.3,9.8,0.237,5.2,13.2,0.392,0.376,4.7,4.7,1,1.6,4.1,5.7,2.1,2.1,0,4.7,3.1,22,NA
65,"Trae Young",27,"ATL","PG",5,5,139,6.7,18.1,0.371,1.3,6.7,0.192,5.4,11.4,0.477,0.407,8.3,10.1,0.821,0,2.6,2.6,10.1,1,0.3,2.6,2.3,23.1,NA
66,"Jalen Brunson",29,"NYK","PG",4,4,139,11.1,23.1,0.483,2.6,8.3,0.313,8.5,14.8,0.579,0.539,8,9.1,0.886,0.5,3.6,4.1,5.2,1.3,0,2.1,2.6,32.9,NA
67,"Ausar Thompson",23,"DET","SF",5,5,138,7.3,15.7,0.467,0.5,2.3,0.222,6.8,13.3,0.51,0.483,2.9,4.7,0.611,2.9,6.8,9.7,5.2,1.3,0.8,1.3,4.7,18,NA
68,"Keyonte George",22,"UTA","PG",4,4,138,6.5,15.4,0.424,1.6,7,0.222,5,8.3,0.594,0.475,8.6,8.9,0.971,0.3,2.6,2.9,9.7,1,0.3,4.4,2.9,23.2,NA
69,"Jerami Grant",31,"POR","PF",5,0,137,8.1,15.5,0.525,3.7,7.9,0.467,4.5,7.6,0.586,0.644,8.4,9.7,0.865,1.3,2.1,3.4,1.8,1.8,0.8,1.8,4.2,28.4,NA
70,"OG Anunoby",28,"NYK","PF",4,4,137,5,13.4,0.373,2.9,8.9,0.324,2.1,4.5,0.471,0.48,2.1,2.9,0.727,1.6,5.8,7.4,2.4,2.4,0.8,2.4,2.9,15,NA
71,"Chet Holmgren",23,"OKC","C",4,4,137,7.6,13.4,0.569,2.6,6.3,0.417,5,7.1,0.704,0.667,6.3,7.4,0.857,2.4,8.4,10.8,1.8,1.3,1.3,3.2,4.2,24.2,NA
72,"Nikola Jokić",30,"DEN","C",4,4,137,8.4,14.7,0.571,0.8,4.7,0.167,7.6,10,0.763,0.598,3.7,3.9,0.933,2.6,12.6,15.2,11.8,2.1,0.5,3.2,3.7,21.3,NA
73,"Devin Vassell",25,"SAS","SG",4,4,136,6.6,14.6,0.455,3.4,7.9,0.433,3.2,6.6,0.48,0.573,1.1,1.6,0.667,0.5,3.2,3.7,2.9,1.6,0,2.4,2.4,17.7,NA
74,"Jarrett Allen",27,"CLE","C",5,5,135,6.1,10.7,0.575,0,0.3,0,6.1,10.4,0.59,0.575,6.4,8,0.8,2.1,7.2,9.3,2.4,1.9,0.5,2.1,2.1,18.7,NA
75,"Karl-Anthony Towns",30,"NYK","C",4,4,135,5.1,14.4,0.352,1.9,5.6,0.333,3.2,8.8,0.364,0.417,6.1,7.2,0.852,3.5,10.9,14.4,2.1,0.8,1.1,3.7,4.3,18.1,NA
76,"Jaren Jackson Jr.",26,"MEM","C",5,5,134,8.3,16.7,0.5,1.6,5.4,0.3,6.7,11.3,0.595,0.548,5.4,6.4,0.833,0.8,6.2,7,1.6,1.3,2.1,3.2,5.4,23.6,NA
77,"Jaylen Wells",22,"MEM","SG",5,5,134,4,11.8,0.341,2.1,8.1,0.267,1.9,3.8,0.5,0.432,2.4,3.5,0.692,0.5,3.2,3.8,2.1,1.1,0,1.3,3,12.6,NA
78,"Jamal Murray",28,"DEN","PG",4,4,134,10.7,21.5,0.5,3.2,7.8,0.414,7.5,13.7,0.549,0.575,4.3,4.6,0.941,0.8,3.8,4.6,6.4,1.3,0,2.1,1.6,29,NA
79,"Domantas Sabonis",29,"SAC","C",4,4,134,6.2,12.4,0.5,0.5,2.4,0.222,5.6,9.9,0.568,0.522,0.5,1.3,0.4,3.8,11,14.8,3.5,1.3,0.3,3,4.3,13.4,NA
80,"Amen Thompson",23,"HOU","SF",4,4,134,5.9,12.9,0.458,0,2.7,0,5.9,10.2,0.579,0.458,3.8,5.4,0.7,1.6,4,5.6,5.6,1.1,0.3,2.7,3.8,15.6,NA
81,"Ajay Mitchell",23,"OKC","SG",5,0,133,9.5,20,0.473,2.2,6.2,0.348,7.3,13.8,0.529,0.527,3.5,3.5,1,1.6,3.5,5.1,4.1,1.6,0.3,1.9,4.1,24.6,NA
82,"Nic Claxton",26,"BRK","C",5,5,132,7.6,14.2,0.538,0,0.8,0,7.6,13.4,0.571,0.538,1.4,2.2,0.625,4.1,4.6,8.7,3.3,1.1,0.3,1.4,4.4,16.6,NA
83,"Kyshawn George",22,"WAS","SG",4,4,132,7.9,14.7,0.537,3.8,7.1,0.538,4.1,7.6,0.536,0.667,2.5,4.1,0.6,1.1,9,10.1,5.5,1.4,1.6,3,5.5,22.1,NA
84,"CJ McCollum",34,"WAS","PG",4,4,132,4.9,15.3,0.321,1.9,7.4,0.259,3,7.9,0.379,0.384,2.7,3.5,0.769,1.1,3,4.1,5.5,0.5,0,1.1,2.5,14.5,NA
85,"Bam Adebayo",28,"MIA","C",4,4,131,7.4,17.3,0.429,2.5,6.3,0.391,4.9,11,0.45,0.5,5.8,6.3,0.913,1.6,8.2,9.9,3,0.5,0,3.3,2.2,23.1,NA
86,"Giannis Antetokounmpo",31,"MIL","PF",4,4,131,15.7,22.5,0.695,1.1,1.9,0.571,14.6,20.6,0.707,0.72,7.4,11.5,0.643,4.4,11,15.4,7.7,0.8,1.4,3.6,2.7,39.8,NA
87,"Donovan Clingan",21,"POR","C",5,5,130,5.5,9.7,0.571,1.1,3.9,0.286,4.4,5.8,0.762,0.629,2.2,2.5,0.889,6.4,6.1,12.5,3.3,1.4,2.2,1.1,3.9,14.4,NA
88,"LaMelo Ball",24,"CHO","PG",4,4,130,9.4,21,0.447,4.7,11.9,0.395,4.7,9.1,0.515,0.559,5.5,6.9,0.8,1.9,7.2,9.1,10.5,1.9,0.3,4.4,4.2,29.1,NA
89,"Aaron Nesmith",26,"IND","SF",4,4,130,4.2,14.1,0.294,3,8.3,0.367,1.1,5.8,0.19,0.402,0.6,1.9,0.286,1.7,3.6,5.3,1.1,0,0.6,0.6,3,11.9,NA
90,"Nikola Vučević",35,"CHI","C",4,4,130,7.8,13.3,0.583,1.9,3.9,0.5,5.8,9.4,0.618,0.656,2.8,2.8,1,3.3,11.4,14.7,5.5,1.1,0.3,2.2,2.5,20.2,NA
91,"Miles Bridges",27,"CHO","SF",4,4,129,6.7,17,0.393,2.5,8.1,0.31,4.2,8.9,0.469,0.467,5,5.9,0.857,1.1,6.7,7.8,4.2,0.8,0.3,1.1,1.4,20.9,NA
92,"Jordan Poole",26,"NOP","SG",4,3,129,5.9,16.5,0.356,2.8,8.7,0.323,3.1,7.8,0.393,0.441,4.7,4.7,1,0.8,1.1,2,3.6,0.3,0.3,1.4,3.3,19.3,NA
93,"Victor Wembanyama",22,"SAS","C",4,4,129,12.3,20.4,0.603,1.1,3.1,0.364,11.2,17.3,0.645,0.63,8.9,11.2,0.8,2,13.4,15.3,3.1,1.7,5.3,1.7,3.9,34.6,NA
94,"Anthony Black",22,"ORL","PG",5,0,128,5.6,11.8,0.476,1.1,3.9,0.286,4.5,7.9,0.571,0.524,3.9,6.2,0.636,0.8,4.2,5.1,2.5,1.1,0.8,3.9,3.7,16.3,NA
95,"Kawhi Leonard",34,"LAC","SF",4,4,128,9,19.1,0.471,2,5.3,0.368,7,13.8,0.51,0.522,3.9,4.2,0.933,0.8,6.2,7,3.4,1.4,0.6,2,1.1,23.9,NA
96,"Collin Gillespie",26,"PHO","PG",5,0,127,5.7,13.6,0.417,3.7,9.9,0.371,2,3.7,0.538,0.552,0.6,0.9,0.667,1.4,3.7,5.1,7.9,2,1.1,2.3,1.1,15.6,NA
97,"Terance Mann",29,"BRK","SG",5,5,127,6.2,11.1,0.564,2,5.4,0.368,4.3,5.7,0.75,0.654,1.4,1.7,0.833,2.8,2.6,5.4,3.4,1.4,0,0.9,4.8,15.9,NA
98,"James Harden",36,"LAC","PG",4,4,127,7.1,14.5,0.49,2.8,7.9,0.357,4.3,6.5,0.652,0.588,7.1,7.7,0.926,0,5.4,5.4,9.1,1.4,0.3,4.5,2,24.1,NA
99,"Cason Wallace",22,"OKC","SG",4,4,127,3.1,9.9,0.314,1.7,6,0.286,1.4,4,0.357,0.4,0.3,0.6,0.5,0.9,3.7,4.5,4.5,2.6,0.3,1.7,2.8,8.2,NA
100,"Malik Monk",27,"SAC","SG",5,0,126,8.3,15.1,0.547,3.7,7.1,0.52,4.6,8,0.571,0.67,2,2.3,0.875,0,1.7,1.7,3.4,1.7,1.1,1.4,2.9,22.3,NA
101,"Quentin Grimes",25,"PHI","SG",4,0,126,5.7,13.4,0.426,3.7,7.7,0.481,2,5.7,0.35,0.564,5.1,6,0.857,0.6,5.1,5.7,4.3,0.9,0.6,3.1,4.3,20.3,NA
102,"Josh Giddey",23,"CHI","PG",4,4,125,7.5,16.7,0.448,1.7,4,0.429,5.8,12.7,0.455,0.5,5.8,8.1,0.714,1.4,8.4,9.8,8.9,0.6,0.6,4.6,2.3,22.5,NA
103,"Walker Kessler",24,"UTA","C",4,4,125,6.9,9.2,0.75,1.7,2.3,0.75,5.2,6.9,0.75,0.844,4,5.8,0.7,5.5,6.3,11.8,4,1.7,2.6,3.7,5.2,19.6,NA
104,"Christian Braun",24,"DEN","SG",4,4,124,5.8,11.3,0.513,0.6,2.3,0.25,5.2,9,0.581,0.538,2.3,2.3,1,2.6,2,4.6,3.2,1.2,0.3,1.2,2.9,14.5,NA
105,"Luke Kennard",29,"ATL","SG",5,0,123,4.1,7.9,0.519,2,4.4,0.467,2,3.5,0.583,0.648,1.8,2,0.857,0.9,2.3,3.2,3.5,0.9,0.3,2,2.3,12,NA
106,"Stephon Castle",21,"SAS","PG",4,4,123,7,13.5,0.522,1.5,5,0.294,5.6,8.5,0.655,0.576,5.9,10.2,0.571,1.8,5.3,7,5.6,1.5,0.3,7.3,2.9,21.4,NA
107,"Kentavious Caldwell-Pope",32,"MEM","SG",5,5,122,4.4,13,0.341,2.1,6.8,0.304,2.4,6.2,0.381,0.42,3.8,4.1,0.929,0,4.4,4.4,6.8,1.2,0.3,2.1,2.1,14.8,NA
108,"Cedric Coward",22,"MEM","SG",5,0,122,8.3,12.7,0.651,3.2,5,0.647,5,7.7,0.654,0.779,3.8,4.1,0.929,1.5,4.1,5.6,3,1.5,0.9,1.2,3.5,23.6,NA
109,"Russell Westbrook",37,"SAC","PG",5,2,122,6.2,14.8,0.42,3,6.5,0.455,3.2,8.3,0.393,0.52,2.1,3.8,0.538,2.1,5,7.1,5.6,1.8,0.3,3,2.7,17.4,NA
110,"Harrison Barnes",33,"SAS","PF",4,4,122,3.8,8.3,0.464,1.8,4.7,0.375,2.1,3.5,0.583,0.571,1.2,1.2,1,0.9,0.9,1.8,3.5,0.6,0.6,2.1,2.1,10.6,NA
111,"Jalen Johnson",24,"ATL","SF",4,4,122,9.7,16.8,0.579,0.3,2.4,0.125,9.4,14.5,0.653,0.588,4.4,5,0.882,2.4,5.9,8.3,5,1.8,0.3,2.7,3.5,24.2,NA
112,"Sam Hauser",28,"BOS","PF",5,2,121,6.2,13.7,0.457,6,13.1,0.455,0.3,0.6,0.5,0.674,0.6,0.6,1,0.6,3.9,4.5,1.2,0.6,0.6,1.8,2.4,19,NA
113,"Neemias Queta",26,"BOS","C",5,5,121,5.4,8.9,0.6,0,0.3,0,5.4,8.6,0.621,0.6,2.7,3.9,0.692,5.7,7.7,13.4,2.1,1.5,2.4,2.4,5.4,13.4,NA
114,"Tre Jones",26,"CHI","PG",4,4,121,5.4,9.2,0.581,1.5,2.4,0.625,3.9,6.8,0.565,0.661,2.7,3.6,0.75,0.9,3.3,4.2,8.9,3.6,0.3,3,2.4,14.9,NA
115,"Ben Sheppard",24,"IND","SG",4,3,120,3.6,10.5,0.343,1.2,5.7,0.211,2.4,4.8,0.5,0.4,1.8,2.4,0.75,2.1,6,8.1,3.3,0.6,0.3,1.2,4.2,10.2,NA
116,"Bub Carrington",20,"WAS","PG",4,4,119,3,8.8,0.345,1.8,2.7,0.667,1.2,6.1,0.2,0.448,1.8,2.4,0.75,0.3,4.5,4.8,4.5,1.8,0.3,1.8,3.9,9.7,NA
117,"Aaron Gordon",30,"DEN","PF",4,4,119,8.2,14.2,0.574,3.6,7,0.522,4.5,7.3,0.625,0.702,5.7,5.7,1,0.3,6.4,6.7,2.7,0.9,0.3,1.8,1.8,25.7,NA
118,"Ryan Rollins",23,"MIL","PG",4,3,119,6.1,12.7,0.476,2.1,6.1,0.35,3.9,6.7,0.591,0.56,4.2,4.2,1,1.8,2.7,4.5,5.1,3.6,0.3,2.7,3,18.5,NA
119,"Myles Turner",29,"MIL","C",4,4,119,3.6,11.5,0.316,1.5,6.7,0.227,2.1,4.8,0.438,0.382,1.2,1.8,0.667,1.2,7,8.2,3.6,0.6,3,2.1,3.3,10,NA
120,"Jarace Walker",22,"IND","PF",4,1,119,4.5,15.4,0.294,2.4,8.5,0.286,2.1,7,0.304,0.373,1.8,2.1,0.857,0.9,6.4,7.3,4.8,1.2,0.9,1.8,2.7,13.3,NA
121,"Santi Aldama",25,"MEM","PF",5,0,118,7.3,15.3,0.48,1.8,5.8,0.316,5.5,9.5,0.581,0.54,0.3,1.8,0.167,3.1,8.5,11.6,3.7,2.4,1.2,1.8,2.4,16.8,NA
122,"Naji Marshall",28,"DAL","SF",5,0,118,2.4,6.4,0.381,0,1.2,0,2.4,5.2,0.471,0.381,5.5,6.1,0.9,0.9,4.9,5.8,3.1,1.5,0,1.2,3.7,10.4,NA
123,"Kon Knueppel",20,"CHO","SF",4,3,118,7,13.4,0.523,4.9,9.2,0.533,2.1,4.3,0.5,0.705,0.6,1.2,0.5,0.6,4.6,5.2,2.4,0.6,0,2.4,3.1,19.5,NA
124,"Jock Landale",30,"MEM","C",5,5,117,4.9,9.5,0.516,1.2,3.4,0.364,3.7,6.2,0.6,0.581,2.8,3.4,0.818,4.3,3.7,8,2.2,0,1.2,1.5,4.9,13.8,NA
125,"Dean Wade",29,"CLE","PF",5,0,116,2.8,7.1,0.391,2.2,6.2,0.35,0.6,0.9,0.667,0.543,1.9,2.8,0.667,1.2,4.3,5.6,1.2,0.9,0.3,0.6,3.7,9.6,NA
126,"Julian Champagnie",24,"SAS","SF",4,4,116,3.4,7.1,0.478,1.9,5,0.375,1.6,2.2,0.714,0.609,1.9,2.8,0.667,0.6,7.8,8.4,2.5,0.6,0.3,0.6,1.2,10.6,NA
127,"Andrew Wiggins",30,"MIA","SF",4,4,116,6.8,13.7,0.5,1.6,5,0.313,5.3,8.7,0.607,0.557,2.8,4.3,0.643,1.9,3.7,5.6,2.5,1.6,1.2,2.5,2.8,18,NA
128,"Naz Reid",26,"MIN","C",5,0,115,5.9,14.7,0.404,1.6,6.3,0.25,4.4,8.5,0.519,0.457,2.2,3.8,0.583,2.8,6.6,9.4,2.5,1.6,1.6,2.8,4.1,15.7,NA
129,"Jalen Duren",22,"DET","C",5,5,113,7.6,13.4,0.571,0,0,NA,7.6,13.4,0.571,0.571,8.3,9.9,0.839,7,8.9,15.9,1.9,1,2.5,4.8,5.4,23.6,NA
130,"Jarred Vanderbilt",26,"LAL","PF",5,2,113,3.2,8,0.4,0,1.6,0,3.2,6.4,0.5,0.4,2.5,3.2,0.8,3.8,7.3,11.2,2.9,2.9,0.6,3.5,3.2,8.9,NA
131,"Gary Trent Jr.",27,"MIL","SG",4,4,113,6.1,14.3,0.422,3.8,10.8,0.353,2.2,3.5,0.636,0.556,1.3,2.2,0.571,0,2.9,2.9,3.5,1.6,0,1.3,3.8,17.2,NA
132,"Jaylon Tyson",23,"CLE","SG",5,3,112,4.8,9,0.536,1.9,4.8,0.4,2.9,4.2,0.692,0.643,1.3,1.9,0.667,1.3,2.9,4.2,1.6,1.9,0.6,2.6,6.8,12.9,NA
133,"Matas Buzelis",21,"CHI","SF",4,4,112,8,15.8,0.51,1.9,5.8,0.333,6.1,10,0.613,0.571,3.5,4.2,0.846,1.9,4.2,6.1,1.9,1,1.3,2.9,5.1,21.5,NA
134,"Jaime Jaquez Jr.",24,"MIA","SF",4,0,112,10,14.5,0.689,0.6,2.6,0.25,9.3,11.9,0.784,0.711,3.5,4.2,0.846,1.6,6.4,8,5.5,1.6,0,2.9,2.9,24.1,NA
135,"Ivica Zubac",28,"LAC","C",4,4,111,9.1,14.3,0.636,0,0,NA,9.1,14.3,0.636,0.636,1.9,2.3,0.857,3.2,7.1,10.4,3.6,0,1.3,2.9,1.6,20.1,NA
136,"Ryan Dunn",23,"PHO","SF",5,5,110,5.9,11.5,0.514,1.3,4.6,0.286,4.6,6.9,0.667,0.571,0,0.7,0,3.6,6.2,9.8,2.9,1,2,1.3,5.2,13.1,NA
137,"Alex Sarr",20,"WAS","C",4,4,110,10.5,19,0.552,1.3,3.6,0.364,9.2,15.4,0.596,0.586,3.3,3.9,0.833,2.6,8.8,11.5,5.9,1,2.6,3.9,2.6,25.5,NA
138,"Khris Middleton",34,"WAS","SF",4,4,109,6.9,14.5,0.477,1.7,4.6,0.357,5.3,9.9,0.533,0.534,3,4,0.75,2.3,5.3,7.6,3,1.3,0,2,4.6,18.5,NA
139,"Davion Mitchell",27,"MIA","PG",4,4,109,5,10.9,0.455,1,4.3,0.231,4,6.6,0.6,0.5,0.7,1.3,0.5,1,3,4,10.9,1,0.3,2,4,11.6,NA
140,"Ron Holland",20,"DET","SF",5,0,108,6.7,14.3,0.465,2.3,7,0.333,4.3,7.3,0.591,0.547,3.7,4.3,0.846,1,4.3,5.3,3,3.3,0.7,3.3,7,19.3,NA
141,"Herbert Jones",27,"NOP","SF",4,4,108,3.7,12.3,0.297,2,6,0.333,1.7,6.3,0.263,0.378,1.7,2,0.833,1.7,4.7,6.3,2,1.3,0.3,2.7,6.3,11,NA
142,"Svi Mykhailiuk",28,"UTA","SF",4,4,108,4.3,8,0.542,2.7,5.7,0.471,1.7,2.3,0.714,0.708,0.7,0.7,1,1.7,1.7,3.3,2.3,2,0,1.3,1.3,12,NA
143,"Isaiah Stewart",24,"DET","C",5,0,107,5.7,12.8,0.447,2.4,4,0.583,3.4,8.7,0.385,0.539,1.7,3.4,0.5,4.4,6.7,11.1,2.4,0.7,3.4,1.7,6.7,15.5,NA
144,"A.J. Green",26,"MIL","SG",4,4,107,5.4,8.4,0.64,4.4,7.4,0.591,1,1,1,0.9,1.3,1.7,0.8,0,3.4,3.4,1,0.3,0,1.7,4.4,16.5,NA
145,"Tre Johnson",19,"WAS","SG",4,0,107,7.4,16.5,0.449,3.7,9.4,0.393,3.7,7.1,0.524,0.561,1.3,1.3,1,1.7,3,4.7,2.7,0.3,1,1.7,3.4,19.9,NA
146,"Collin Sexton",27,"CHO","SG",4,3,107,8.4,14.5,0.581,2,3.4,0.6,6.4,11.1,0.576,0.651,6.1,7.4,0.818,0.3,3,3.4,6.4,1.3,0,3,3.4,24.9,NA
147,"Ryan Kalkbrenner",24,"CHO","C",4,4,106,6.5,7.1,0.905,0,0,NA,6.5,7.1,0.905,0.905,0,0,NA,4.8,5.1,9.8,1,1.4,1.4,2,3.7,12.9,NA
148,"Noah Clowney",21,"BRK","PF",5,0,105,2.4,9.6,0.25,1.4,6.9,0.2,1,2.7,0.375,0.321,2.7,3.1,0.889,1.7,4.5,6.2,2.7,0.3,0,2.1,1.7,8.9,NA
149,"Klay Thompson",35,"DAL","SF",5,5,104,5.2,16.6,0.313,2.4,9.3,0.259,2.8,7.3,0.381,0.385,1.4,1.4,1,0.3,4.8,5.2,2.4,0.3,0.7,2.1,1.4,14.2,NA
150,"Jeremiah Fears",19,"NOP","PG",4,2,104,8,15.2,0.523,0.3,3.1,0.111,7.6,12.1,0.629,0.534,2.1,3.1,0.667,1,1.4,2.4,3.8,1.7,0,3.1,3.1,18.3,NA
151,"Dylan Harper",19,"SAS","SG",4,0,104,7.6,15.9,0.478,1,3.1,0.333,6.6,12.8,0.514,0.511,4.2,4.8,0.857,1.4,5.9,7.3,6.6,1.4,0,2.8,5.9,20.4,NA
152,"D'Angelo Russell",29,"DAL","PG",5,0,103,5.9,18.2,0.327,1.4,7.7,0.182,4.5,10.5,0.433,0.365,5.6,8,0.696,0.7,3.8,4.5,9.4,1.4,0.3,3.1,2.1,18.9,NA
153,"Cameron Johnson",29,"DEN","PF",4,4,103,3.5,9.1,0.385,1.7,5.6,0.313,1.7,3.5,0.5,0.481,2.4,2.8,0.875,0.7,2.8,3.5,2.1,0.7,0,1.4,4.5,11.2,NA
154,"Sam Merrill",29,"CLE","SG",4,4,103,7.3,14,0.525,6.3,12.2,0.514,1,1.7,0.6,0.75,3.1,3.1,1,1,1.7,2.8,2.8,1,0.3,1.7,4.9,24.1,NA
155,"Tristan Da Silva",24,"ORL","SF",5,0,102,6.7,14.1,0.475,2.8,7.8,0.364,3.9,6.4,0.611,0.575,2.8,3.5,0.8,1.4,3.9,5.3,1.8,1.4,0.4,0.7,1.1,19.1,NA
156,"John Collins",28,"LAC","PF",4,0,102,6.4,10.9,0.581,0.7,2.1,0.333,5.6,8.8,0.64,0.613,2.5,3.5,0.7,3.2,6,9.2,1.4,2.1,1.1,3.5,2.1,15.9,NA
157,"Kevin Huerter",27,"CHI","SG",4,0,102,7.1,13.1,0.541,2.1,6.4,0.333,4.9,6.7,0.737,0.622,4.6,5.3,0.867,1.1,4.6,5.6,4.2,0.7,1.1,1.8,3.9,20.8,NA
158,"Saddiq Bey",26,"NOP","SF",4,1,101,5,13.2,0.378,3.2,7.8,0.409,1.8,5.3,0.333,0.5,1.1,2.1,0.5,2.1,2.9,5,2.5,1.8,0,1.1,0.7,14.3,NA
159,"Ayo Dosunmu",26,"CHI","SG",4,0,101,7.8,15,0.524,3.2,6.4,0.5,4.6,8.6,0.542,0.631,2.1,2.5,0.857,1.1,2.9,3.9,2.5,0,0,0.7,2.5,21,NA
160,"Mike Conley",38,"MIN","PG",5,2,100,2.9,9.4,0.308,1.8,5,0.357,1.1,4.3,0.25,0.404,2.2,2.2,1,1.1,3.2,4.3,5.4,1.8,1.1,2.5,4,9.7,NA
161,"Tari Eason",24,"HOU","PF",4,0,99,6.2,12.4,0.5,2.9,5.5,0.533,3.3,6.9,0.474,0.618,0.4,1.1,0.333,1.5,6.2,7.6,4,1.1,0.7,3.6,2.5,15.6,NA
162,"Keon Ellis",26,"SAC","SG",5,1,98,5.1,10.7,0.483,2.2,6.2,0.353,2.9,4.4,0.667,0.586,1.8,2.9,0.625,0.4,2.9,3.3,1.1,3.3,0.4,1.1,4.4,14.3,NA
163,"Steven Adams",32,"HOU","C",4,2,98,3.7,5.5,0.667,0,0,NA,3.7,5.5,0.667,0.667,4,4.4,0.917,8.8,7,15.8,2.2,1.5,0.7,2.2,3.7,11.4,NA
164,"Keldon Johnson",26,"SAS","SF",4,0,97,6.7,10.4,0.643,1.9,3.3,0.556,4.8,7.1,0.684,0.732,2.6,3.3,0.778,4.5,5.2,9.6,1.5,1.1,0,0.4,3.7,17.8,NA
165,"Nikola Jović",22,"MIA","PF",4,1,97,5.2,10.8,0.483,3,7.1,0.421,2.2,3.7,0.6,0.621,3.3,3.7,0.9,0.7,6.7,7.4,4.1,0.7,0.4,2.2,2.6,16.7,NA
166,"Isaac Okoro",25,"CHI","SG",4,4,97,3,9.3,0.32,0.7,4.1,0.182,2.2,5.2,0.429,0.36,0.4,0.4,1,1.5,3.3,4.8,2.6,0.4,0.7,2.2,5.2,7.1,NA
167,"Zion Williamson",25,"NOP","PF",3,3,97,8.2,17.4,0.468,0,0,NA,8.2,17.4,0.468,0.468,7.8,11.9,0.656,3.7,3.3,7.1,5.2,3.3,0.4,3.7,2.2,24.1,NA
168,"Taurean Prince",31,"MIL","SF",4,0,96,4.1,7.1,0.579,3,4.9,0.615,1.1,2.3,0.5,0.789,0,0,NA,0,2.6,2.6,2.3,1.9,0.7,1.5,3.7,11.3,NA
169,"Mark Williams",24,"PHO","C",4,1,96,8.2,13.5,0.611,0,0,NA,8.2,13.5,0.611,0.611,3.4,4.1,0.818,5.2,9.7,15,0.4,2.3,1.1,1.1,4.9,19.9,NA
170,"Lonzo Ball",28,"CLE","PG",4,0,94,2.3,8.8,0.261,1.5,6.9,0.222,0.8,1.9,0.4,0.348,1.1,1.9,0.6,1.5,4.2,5.7,9.2,1.5,0,4.2,0.8,7.3,NA
171,"Tim Hardaway Jr.",33,"DEN","SG",4,0,94,6.1,11.9,0.516,3.8,8,0.476,2.3,3.8,0.6,0.677,1.1,1.5,0.75,0.4,1.1,1.5,1.5,0.8,0,0.4,3.4,17.2,NA
172,"Goga Bitadze",26,"ORL","C",5,0,93,4.6,6.2,0.75,0,0.8,0,4.6,5.4,0.857,0.75,1.9,3.5,0.556,4.3,7.7,12,3.9,0.8,1.5,1.2,3.9,11.2,NA
173,"Norman Powell",32,"MIA","SG",3,3,93,8.1,17,0.477,3.5,7,0.5,4.6,10.1,0.462,0.58,8.1,8.9,0.913,1.2,7.4,8.5,3.5,2.3,0.4,2.3,3.5,27.9,NA
174,"Josh Okogie",27,"HOU","SG",4,2,92,4.3,6.7,0.647,2.3,3.9,0.6,2,2.7,0.714,0.824,3.9,4.7,0.833,1.2,1.6,2.7,2,0.8,0.4,0.8,3.9,14.9,NA
175,"Jakob Poeltl",30,"TOR","C",4,4,92,5.1,8.6,0.591,0,0,NA,5.1,8.6,0.591,0.591,0,2,0,3.9,4.3,8.2,3.5,0.4,0.8,3.1,7.4,10.2,NA
176,"Ben Saraf",19,"BRK","SG",5,5,91,2,9.1,0.217,0.8,4.7,0.167,1.2,4.4,0.273,0.261,1.6,2.4,0.667,0.4,4,4.4,6.3,0.8,0,3.2,5.1,6.3,NA
177,"Kris Dunn",31,"LAC","PG",4,0,91,4.4,9.1,0.478,1.6,4,0.4,2.8,5.1,0.538,0.565,0.8,0.8,1,2.4,2.8,5.1,1.2,1.6,0,2,2.8,11.1,NA
178,"Dillon Brooks",30,"PHO","SF",3,3,91,8.7,23.3,0.373,3.6,12.3,0.29,5.1,11.1,0.464,0.449,2,2,1,1.6,2.4,4,2.8,3.2,0.8,2.8,5.1,22.9,NA
179,"Tyrese Martin",26,"BRK","SG",5,0,90,5.2,13.2,0.394,2.8,8,0.35,2.4,5.2,0.462,0.5,1.2,1.2,1,3.2,3.6,6.8,4.8,0.8,0,1.6,1.6,14.4,NA
180,"Terrence Shannon Jr.",25,"MIN","SG",5,0,90,3.2,9.6,0.333,1.6,3.6,0.444,1.6,6,0.267,0.417,0.8,1.2,0.667,1.2,4.8,6,2.8,1.6,0,2.4,4,8.8,NA
181,"Reed Sheppard",21,"HOU","PG",4,0,90,5.6,16,0.35,3.2,8.8,0.364,2.4,7.2,0.333,0.45,1.6,2,0.8,1.2,4,5.2,5.6,2,0.8,2.8,2,16,NA
182,"Javon Small",23,"MEM","PG",5,0,89,3.6,10.5,0.346,2.4,7.3,0.333,1.2,3.2,0.375,0.462,3.2,4,0.8,0.4,2.4,2.8,8.5,0,0.4,2.8,2.4,12.9,NA
183,"Josh Minott",23,"BOS","SF",4,2,89,5.7,9.7,0.583,1.6,4.9,0.333,4,4.9,0.833,0.667,2.4,2.8,0.857,3.6,6.9,10.5,2.4,2.8,0.8,0.4,4.9,15.4,NA
184,"Oso Ighodaro",23,"PHO","PF",5,4,88,4.5,9.8,0.458,0,0,NA,4.5,9.8,0.458,0.458,0.8,2.5,0.333,0.8,5.7,6.5,2.5,0,0.8,2.5,5.7,9.8,NA
185,"Sandro Mamukelashvili",26,"TOR","PF",5,0,88,6.5,9.8,0.667,1.6,3.3,0.5,4.9,6.5,0.75,0.75,2.5,3.7,0.667,0.4,3.3,3.7,4.5,0.4,0.4,1.6,4.9,17.2,NA
186,"Blake Wesley",22,"POR","SG",5,0,88,4.9,11.9,0.414,0.8,3.7,0.222,4.1,8.2,0.5,0.448,2,3.3,0.625,0.8,4.9,5.7,7,3.3,0.4,2.9,5.7,12.7,NA
187,"Derrick Jones Jr.",28,"LAC","SF",4,4,87,5.8,9.1,0.636,2.9,6.2,0.467,2.9,2.9,1,0.795,0.4,0.8,0.5,1.2,2.5,3.7,1.7,0.8,1.2,1.2,4.6,14.9,NA
188,"Kris Murray",25,"POR","SF",4,0,87,3.7,7,0.529,0.8,2.5,0.333,2.9,4.6,0.636,0.588,0.8,0.8,1,1.7,2.1,3.7,0.8,2.1,0.4,0.8,2.1,9.1,NA
189,"Patrick Williams",24,"CHI","PF",4,0,87,5.4,9.9,0.542,2.9,5.8,0.5,2.5,4.1,0.6,0.688,1.7,2.9,0.571,0.4,5.8,6.2,2.5,1.2,0.8,1.7,2.9,15.3,NA
190,"Kyle Filipowski",22,"UTA","C",4,4,86,4.6,11.7,0.393,2.1,6.3,0.333,2.5,5.4,0.462,0.482,1.3,2.1,0.6,2.9,5.4,8.4,5.4,0.4,0.4,1.3,5.9,12.6,NA
191,"Buddy Hield",33,"GSW","SG",5,0,85,5.9,14.8,0.4,2.5,10.2,0.25,3.4,4.7,0.727,0.486,1.3,1.3,1,0.8,2.5,3.4,3,1.3,0,1.7,2.1,15.7,NA
192,"Day'Ron Sharpe",24,"BRK","C",5,0,85,7.2,9.7,0.739,0.8,2.5,0.333,6.4,7.2,0.882,0.783,2.1,3,0.714,5.1,6.4,11.4,4.2,2.1,1.7,5.5,7.2,17.4,NA
193,"Derik Queen",21,"NOP","C",4,0,85,5.1,11.4,0.444,0,1.3,0,5.1,10.2,0.5,0.444,4.2,5.9,0.714,2.5,6.8,9.3,0.4,1.3,1.3,2.1,6.4,14.4,NA
194,"Kel'el Ware",21,"MIA","C",4,3,85,7.2,14.4,0.5,2.1,5.5,0.385,5.1,8.9,0.571,0.574,2.5,3.4,0.75,4.7,8,12.7,0.8,1.3,0.8,2.5,3,19.1,NA
195,"RayJ Dennis",24,"IND","PG",3,0,85,5.1,13.1,0.387,3,7.2,0.412,2.1,5.9,0.357,0.5,2.1,2.5,0.833,2.1,1.7,3.8,6.8,0.8,1.3,2.5,4.7,15.2,NA
196,"Craig Porter Jr.",25,"CLE","PG",5,0,84,5.1,9,0.571,2.1,4.7,0.455,3,4.3,0.7,0.69,1.3,2.1,0.6,2.6,3.4,6,4.7,3,0,1.7,1.3,13.7,NA
197,"Corey Kispert",26,"WAS","SF",4,0,84,5.1,10.7,0.48,2.6,7.7,0.333,2.6,3,0.857,0.6,0.4,1.7,0.25,0,4.7,4.7,2.6,0.4,0.4,0.9,2.1,13.3,NA
198,"Gradey Dick",22,"TOR","SG",5,0,83,4.8,13.4,0.355,2.2,6.9,0.313,2.6,6.5,0.4,0.435,5.6,6.9,0.813,1.7,4.3,6.1,0.9,1.3,0,0.4,1.7,17.3,NA
199,"Peyton Watson",23,"DEN","SF",4,0,83,3.9,5.2,0.75,0.9,0.9,1,3,4.3,0.7,0.833,2.6,2.6,1,0.9,3.9,4.8,3.5,1.3,2.6,2.2,2.2,11.3,NA
200,"Mouhamed Gueye",23,"ATL","PF",5,1,82,6.6,12.3,0.536,2.2,6.1,0.357,4.4,6.1,0.714,0.625,0.9,2.6,0.333,3.1,4.8,7.9,3.1,0.4,1.8,2.2,4,16.2,NA
201,"Jamal Shead",23,"TOR","PG",5,0,82,4.4,11.4,0.385,2.2,5.3,0.417,2.2,6.1,0.357,0.481,3.1,4,0.778,0.4,2.2,2.6,11.4,1.3,0,2.6,3.5,14,NA
202,"Egor Demin",19,"BRK","PG",4,0,82,4,9.7,0.409,4,9.7,0.409,0,0,NA,0.614,1.3,1.8,0.75,1.3,5.7,7,4.4,0.9,0,3.5,4.8,13.2,NA
203,"Tre Mann",24,"CHO","PG",4,0,82,3.5,14.5,0.242,1.8,7.9,0.222,1.8,6.6,0.267,0.303,1.8,2.2,0.8,1.3,4.4,5.7,5.7,1.8,0,3.5,3.5,10.5,NA
204,"Obi Toppin",27,"IND","PF",3,0,82,6.6,15.8,0.417,1.3,7.5,0.176,5.3,8.3,0.632,0.458,4,4,1,1.3,7.5,8.8,2.2,1.3,0,2.6,3.1,18.4,NA
205,"Javonte Green",32,"DET","SG",5,0,81,4,12,0.333,2.2,5.3,0.417,1.8,6.7,0.267,0.426,0.9,1.3,0.667,1.8,3.6,5.3,2.2,1.8,0.4,0.9,2.2,11.1,NA
206,"Dalton Knecht",24,"LAL","SF",4,0,81,5.8,12.9,0.448,1.3,7.1,0.188,4.4,5.8,0.769,0.5,1.8,2.2,0.8,0,2.7,2.7,0.9,1.3,1.8,1.8,1.3,14.7,NA
207,"De'Andre Hunter",28,"CLE","SF",3,3,81,6.7,18.2,0.366,2.7,9.8,0.273,4,8.4,0.474,0.439,4.9,5.8,0.846,1.3,5.3,6.7,4.4,0.4,0,1.8,3.6,20.9,NA
208,"Jaylin Williams",23,"OKC","PF",5,0,80,3.6,10.4,0.348,1.4,8.1,0.167,2.3,2.3,1,0.413,0.9,0.9,1,0.9,6.8,7.7,3.6,1.8,0.9,2.7,4.1,9.5,NA
209,"Moussa Diabaté",24,"CHO","C",4,0,80,6.3,9.9,0.636,0,0,NA,6.3,9.9,0.636,0.636,5,8.1,0.611,4.1,6.3,10.4,0.5,0.9,2.3,1.8,4.1,17.6,NA
210,"Simone Fontecchio",30,"MIA","SF",4,0,80,8.6,14,0.613,5,9,0.55,3.6,5,0.727,0.79,0.9,1.4,0.667,0.9,3.6,4.5,3.2,1.4,0.5,1.4,4.5,23,NA
211,"Sion James",23,"CHO","SG",4,0,79,5,7.7,0.647,3.2,4.1,0.778,1.8,3.6,0.5,0.853,1.8,1.8,1,1.4,2.7,4.1,2.7,1.4,0.9,0.5,0.9,15,NA
63,"Ja Morant",26,"MEM","PG",5,5,140,10.3,23.7,0.435,1.3,6.7,0.192,9,17,0.53,0.462,8.2,8.5,0.97,0.5,4.4,4.9,8.5,1.3,0,3.6,2.1,30.1,NA
78,"Jamal Murray",28,"DEN","PG",4,4,134,10.7,21.5,0.5,3.2,7.8,0.414,7.5,13.7,0.549,0.575,4.3,4.6,0.941,0.8,3.8,4.6,6.4,1.3,0,2.1,1.6,29,NA
7,"Rui Hachimura",27,"LAL","PF",5,5,181,6.6,10.9,0.6,1.6,4,0.4,5,7,0.714,0.673,1.8,2.4,0.75,0.8,3.2,4,2,0.4,0.2,1.8,2.4,16.5,NA
52,"Max Christie",22,"DAL","SG",5,2,147,4.7,8.8,0.528,3.4,6.6,0.519,1.2,2.2,0.556,0.722,1.7,1.7,1,0,1.7,1.7,2.2,0.2,0.5,1.5,2,14.4,NA
40,"Onyeka Okongwu",25,"ATL","C",5,2,155,7,12.8,0.545,1.4,3.9,0.353,5.6,8.8,0.632,0.6,2.3,3.7,0.625,2.1,8.6,10.7,2.8,0.7,1.2,0.5,4.2,17.7,NA
206,"Dalton Knecht",24,"LAL","SF",4,0,81,5.8,12.9,0.448,1.3,7.1,0.188,4.4,5.8,0.769,0.5,1.8,2.2,0.8,0,2.7,2.7,0.9,1.3,1.8,1.8,1.3,14.7,NA
150,"Jeremiah Fears",19,"NOP","PG",4,2,104,8,15.2,0.523,0.3,3.1,0.111,7.6,12.1,0.629,0.534,2.1,3.1,0.667,1,1.4,2.4,3.8,1.7,0,3.1,3.1,18.3,NA
3,"Zach LaVine",30,"SAC","SG",5,5,183,10.4,19.3,0.541,3.1,8.3,0.381,7.3,11,0.661,0.622,4.7,4.9,0.96,0.2,2.8,3,1.6,0.4,0.2,2.2,1.8,28.7,NA
194,"Kel'el Ware",21,"MIA","C",4,3,85,7.2,14.4,0.5,2.1,5.5,0.385,5.1,8.9,0.571,0.574,2.5,3.4,0.75,4.7,8,12.7,0.8,1.3,0.8,2.5,3,19.1,NA
37,"Dennis Schröder",32,"SAC","PG",5,5,158,6.2,14.8,0.415,1.6,5.5,0.292,4.6,9.3,0.488,0.469,0.2,0.2,1,0.5,3,3.4,7.3,1.8,0.5,3,2.7,14.1,NA
113,"Neemias Queta",26,"BOS","C",5,5,121,5.4,8.9,0.6,0,0.3,0,5.4,8.6,0.621,0.6,2.7,3.9,0.692,5.7,7.7,13.4,2.1,1.5,2.4,2.4,5.4,13.4,NA
140,"Ron Holland",20,"DET","SF",5,0,108,6.7,14.3,0.465,2.3,7,0.333,4.3,7.3,0.591,0.547,3.7,4.3,0.846,1,4.3,5.3,3,3.3,0.7,3.3,7,19.3,NA
77,"Jaylen Wells",22,"MEM","SG",5,5,134,4,11.8,0.341,2.1,8.1,0.267,1.9,3.8,0.5,0.432,2.4,3.5,0.692,0.5,3.2,3.8,2.1,1.1,0,1.3,3,12.6,NA
169,"Mark Williams",24,"PHO","C",4,1,96,8.2,13.5,0.611,0,0,NA,8.2,13.5,0.611,0.611,3.4,4.1,0.818,5.2,9.7,15,0.4,2.3,1.1,1.1,4.9,19.9,NA
33,"Michael Porter Jr.",27,"BRK","SF",5,5,160,9.7,19.1,0.506,3.6,8.8,0.41,6.1,10.4,0.587,0.6,1.4,2,0.667,0.9,6.1,7,3.6,0.7,0.2,2,2.5,24.3,NA
148,"Noah Clowney",21,"BRK","PF",5,0,105,2.4,9.6,0.25,1.4,6.9,0.2,1,2.7,0.375,0.321,2.7,3.1,0.889,1.7,4.5,6.2,2.7,0.3,0,2.1,1.7,8.9,NA
151,"Dylan Harper",19,"SAS","SG",4,0,104,7.6,15.9,0.478,1,3.1,0.333,6.6,12.8,0.514,0.511,4.2,4.8,0.857,1.4,5.9,7.3,6.6,1.4,0,2.8,5.9,20.4,NA
82,"Nic Claxton",26,"BRK","C",5,5,132,7.6,14.2,0.538,0,0.8,0,7.6,13.4,0.571,0.538,1.4,2.2,0.625,4.1,4.6,8.7,3.3,1.1,0.3,1.4,4.4,16.6,NA
5,"Luguentz Dort",26,"OKC","SF",5,5,182,2.4,8.5,0.279,1,5.5,0.179,1.4,3,0.467,0.337,1.6,1.6,1,1.6,3.6,5.1,2,1,0,1,3,7.3,NA
23,"Jaylen Brown",29,"BOS","SF",5,5,163,10.4,19.9,0.522,3.3,7.1,0.469,7.1,12.8,0.552,0.606,5.5,7.3,0.758,0.4,5.7,6.2,4.2,0.4,0.4,4,4.6,29.6,NA
